game_id,espn_game_id,game_uid,season,season_type,date,week,home_away,winner,team_id,team_uid,team_city,team_name,team_abbr,team_full,team_color,team_color_alt,team_logo,team_order,team_score,team_record,pass_att,pass_cmp,pass_yds,pass_avg,pass_td,pass_int,pass_sacks,pass_sack_yds,pass_qbr,pass_rtg,rush_att,rush_yds,rush_avg,rush_td,rush_long,rec_total,rec_yds,rec_avg,rec_td,rec_long,rec_tgts,fum_total,fum_lost,fum_rec,def_tkl,def_solo_tkl,def_sacks,def_tfl,def_pd,def_qb_hts,def_td,int_total,int_yds,int_td,kick_ret_no,kick_ret_yds,kick_ret_avg,kick_ret_long,kick_ret_td,punt_ret_no,punt_ret_yds,punt_ret_avg,punt_ret_long,punt_ret_td,kick_fg_made,kick_fg_att,kick_fg_pct,kick_long,kick_xp_made,kick_xp_att,kick_pts,punt_no,punt_yds,punt_avg,punt_tb,punt_in_20,punt_long,first_downs,pass_1st_downs,rush_1st_downs,first_downs_from_penalties,third_down_conv,third_down_att,fourth_down_conv,fourth_down_att,total_plays,total_yards,yards_per_play,total_drives,redzone_att,redzone_conv,penalties,pen_yards,turnovers,def_sp_tds,possess_time,current,wallclockAvailable,guid,boxscoreMinutes,gameNote
2025_01_DAL_PHI,401772510,s:20~l:28~e:401772510,2025,2,2025-09-05T00:20Z,1,away,0,6,s:20~l:28~t:6,Dallas,Cowboys,DAL,Dallas Cowboys,002a5c,b0b7bc,https://a.espncdn.com/i/teamlogos/nfl/500/dal.png,1,20,0-1,21,34,188,5.5,0,0,0,0,NA,76.6,22,119,5.4,2,49,21,188,9,0,32,33,1,1,0,70,38,1,5,0,5,0,NA,NA,NA,5,101,20.2,27,0,NA,NA,NA,NA,NA,2,2,100,53,2,2,8,2,87,43.5,0,1,49,22,9,7,6,7,11,0,1,56,307,5.5,8,3,2,4,42,1,0,25:08,TRUE,TRUE,b0fc8fb7-9dbe-e574-9008-6f0ee7c6b234,TRUE,NA
2025_01_DAL_PHI,401772510,s:20~l:28~e:401772510,2025,2,2025-09-05T00:20Z,1,home,1,21,s:20~l:28~t:21,Philadelphia,Eagles,PHI,Philadelphia Eagles,06424d,000000,https://a.espncdn.com/i/teamlogos/nfl/500/phi.png,0,24,1-0,19,23,144,6.6,0,0,1,8,NA,94.2,38,158,4.2,3,20,19,152,8,0,51,20,0,0,1,60,34,0,3,6,1,0,NA,NA,NA,2,32,16,20,0,NA,NA,NA,NA,NA,1,1,100,58,3,3,6,3,146,48.7,0,2,51,20,6,14,0,8,13,0,0,62,302,4.9,8,3,3,9,110,0,0,34:52,TRUE,TRUE,d1a9b001-1df7-fbd7-ae4c-6ca7065286ec,TRUE,NA
2025_01_KC_LAC,401772714,s:20~l:28~e:401772714,2025,2,2025-09-06T00:00Z,1,away,0,12,s:20~l:28~t:12,Kansas City,Chiefs,KC,Kansas City Chiefs,e31837,ffb612,https://a.espncdn.com/i/teamlogos/nfl/500/kc.png,1,21,0-1,24,39,249,6.6,1,0,2,9,NA,89.5,17,98,5.8,1,15,24,258,10.8,1,49,38,1,0,1,60,42,3,6,2,4,0,NA,NA,NA,5,147,29.4,37,0,2,7,3.5,8,0,3,3,100,59,0,1,9,3,116,38.7,0,1,40,18,9,8,1,5,14,3,3,58,347,6,8,3,1,10,71,0,0,27:16,TRUE,TRUE,f68f2343-8ceb-7a02-740d-af6338be21d2,TRUE,NFL São Paulo Game
2025_01_KC_LAC,401772714,s:20~l:28~e:401772714,2025,2,2025-09-06T00:00Z,1,home,1,24,s:20~l:28~t:24,Los Angeles,Chargers,LAC,Los Angeles Chargers,0080c6,ffc20e,https://a.espncdn.com/i/teamlogos/nfl/500/lac.png,0,27,1-0,25,34,304,9.4,3,0,3,14,NA,131.7,25,90,3.6,0,19,25,318,12.7,3,33,34,1,0,0,60,36,2,3,4,8,0,NA,NA,NA,3,67,22.3,25,0,NA,NA,NA,NA,NA,2,2,100,39,3,3,9,2,106,53,0,0,56,22,16,6,0,7,13,1,1,62,394,6.4,8,4,2,6,49,0,0,32:44,TRUE,TRUE,84caf62b-c753-71ea-a787-44fd224a4294,TRUE,NFL São Paulo Game
2025_01_TB_ATL,401772830,s:20~l:28~e:401772830,2025,2,2025-09-07T17:00Z,1,away,1,27,s:20~l:28~t:27,Tampa Bay,Buccaneers,TB,Tampa Bay Buccaneers,bd1c36,3e3a35,https://a.espncdn.com/i/teamlogos/nfl/500/tb.png,1,23,1-0,17,32,159,5.2,3,0,1,8,NA,99.4,23,101,4.4,0,20,17,167,9.8,3,30,30,NA,NA,NA,77,43,1,7,6,4,0,NA,NA,NA,3,81,27,35,0,1,54,54,54,0,1,2,50,48,2,3,5,4,205,51.3,0,2,62,16,10,5,1,7,14,1,1,56,260,4.6,10,1,1,5,60,0,0,24:48,TRUE,TRUE,13e8b157-a75a-ff24-ae91-fa3d52ddf204,TRUE,NA
2025_01_TB_ATL,401772830,s:20~l:28~e:401772830,2025,2,2025-09-07T17:00Z,1,home,0,1,s:20~l:28~t:1,Atlanta,Falcons,ATL,Atlanta Falcons,a71930,000000,https://a.espncdn.com/i/teamlogos/nfl/500/atl.png,0,20,0-1,27,42,289,7.1,1,0,1,9,NA,93.2,28,69,2.5,1,12,27,298,11,1,50,42,1,0,1,53,28,1,2,7,3,0,NA,NA,NA,5,125,25,29,0,2,29,14.5,17,0,2,3,67,41,2,2,8,3,140,46.7,0,2,59,23,16,4,3,6,15,3,4,71,358,5,10,2,1,8,55,0,0,35:12,TRUE,TRUE,49fd392a-86fe-4df3-1b77-9bbfa18b2ad5,TRUE,NA
2025_01_CIN_CLE,401772829,s:20~l:28~e:401772829,2025,2,2025-09-07T17:00Z,1,away,1,4,s:20~l:28~t:4,Cincinnati,Bengals,CIN,Cincinnati Bengals,fb4f14,000000,https://a.espncdn.com/i/teamlogos/nfl/500/cin.png,1,17,1-0,14,23,95,4.9,1,0,3,18,NA,87.8,23,46,2,1,8,14,113,8.1,1,20,23,NA,NA,NA,86,44,2,4,6,5,0,2,9,0,3,70,23.3,29,0,1,23,23,23,0,1,1,100,35,2,2,5,6,316,52.7,2,1,62,11,7,3,1,7,14,0,0,49,141,2.9,10,3,2,7,33,0,0,24:11,TRUE,TRUE,75b8623b-8926-b411-0476-3d3602b78523,TRUE,NA
2025_01_CIN_CLE,401772829,s:20~l:28~e:401772829,2025,2,2025-09-07T17:00Z,1,home,0,5,s:20~l:28~t:5,Cleveland,Browns,CLE,Cleveland Browns,472a08,ff3c00,https://a.espncdn.com/i/teamlogos/nfl/500/cle.png,0,16,0-1,31,45,278,6.4,1,2,2,12,NA,75.2,24,49,2,1,5,31,290,9.4,1,25,42,NA,NA,NA,57,35,3,8,5,7,0,NA,NA,NA,4,105,26.3,29,0,3,41,13.7,15,0,1,2,50,45,1,2,4,2,97,48.5,1,0,55,22,13,5,4,9,16,2,3,71,327,4.6,10,3,2,7,53,2,0,35:49,TRUE,TRUE,539babc5-e5fb-753b-8ae1-c15032a91ef4,TRUE,NA
2025_01_MIA_IND,401772719,s:20~l:28~e:401772719,2025,2,2025-09-07T17:00Z,1,away,0,15,s:20~l:28~t:15,Miami,Dolphins,MIA,Miami Dolphins,008e97,fc4c02,https://a.espncdn.com/i/teamlogos/nfl/500/mia.png,1,8,0-1,19,31,133,4.7,1,2,3,13,NA,56.7,12,78,6.5,0,26,19,146,7.7,1,21,31,1,1,0,82,47,1,4,4,2,0,NA,NA,NA,7,169,24.1,38,0,NA,NA,NA,NA,NA,NA,NA,NA,NA,NA,NA,NA,1,42,42,0,1,42,12,9,3,0,5,10,1,2,46,211,4.6,7,1,1,3,15,3,0,21:17,TRUE,TRUE,af33088b-1e19-d27d-dbc0-354fd7151703,TRUE,NA
2025_01_MIA_IND,401772719,s:20~l:28~e:401772719,2025,2,2025-09-07T17:00Z,1,home,1,11,s:20~l:28~t:11,Indianapolis,Colts,IND,Indianapolis Colts,003b75,ffffff,https://a.espncdn.com/i/teamlogos/nfl/500/ind.png,0,33,1-0,22,29,262,9.4,1,0,1,10,NA,115.9,40,156,3.9,2,15,22,272,12.4,1,36,29,0,0,1,52,28,3,4,5,6,0,2,20,0,1,27,27,27,0,NA,NA,NA,NA,NA,4,4,100,48,3,3,15,NA,NA,NA,NA,NA,NA,27,14,11,2,7,15,3,3,70,418,6,7,6,3,4,45,0,0,38:43,TRUE,TRUE,582d14eb-da61-e505-cc40-d972a1b60ed1,TRUE,NA
2025_01_CAR_JAX,401772828,s:20~l:28~e:401772828,2025,2,2025-09-07T17:00Z,1,away,0,29,s:20~l:28~t:29,Carolina,Panthers,CAR,Carolina Panthers,0085ca,000000,https://a.espncdn.com/i/teamlogos/nfl/500/car.png,1,10,0-1,18,35,142,4.4,1,2,1,12,NA,49,25,113,4.5,0,22,18,154,8.6,1,27,34,1,1,0,62,42,0,1,4,1,0,1,10,0,2,43,21.5,27,0,2,0,0,0,0,1,1,100,48,1,1,4,2,86,43,0,2,56,15,8,5,2,8,15,0,2,61,255,4.2,10,1,0,4,35,3,0,29:00,TRUE,TRUE,647c27bf-ab86-550e-5b83-91c29e73e4a9,TRUE,NA
2025_01_CAR_JAX,401772828,s:20~l:28~e:401772828,2025,2,2025-09-07T17:00Z,1,home,1,30,s:20~l:28~t:30,Jacksonville,Jaguars,JAX,Jacksonville Jaguars,007487,d7a22a,https://a.espncdn.com/i/teamlogos/nfl/500/jax.png,0,26,1-0,19,31,178,5.7,1,1,0,0,NA,74.4,32,200,6.3,1,71,19,178,9.4,1,24,29,0,0,1,61,29,1,2,10,5,0,2,0,0,2,32,16,20,0,1,7,7,7,0,4,4,100,47,2,2,14,2,111,55.5,0,1,57,19,9,10,0,5,12,2,2,63,378,6,10,5,2,11,93,1,0,31:00,TRUE,TRUE,ca6fb778-cbf6-d9a3-3e93-01230335fcab,TRUE,NA
2025_01_LV_NE,401772720,s:20~l:28~e:401772720,2025,2,2025-09-07T17:00Z,1,away,1,13,s:20~l:28~t:13,Las Vegas,Raiders,LV,Las Vegas Raiders,000000,a5acaf,https://a.espncdn.com/i/teamlogos/nfl/500/lv.png,1,20,1-2,24,34,333,10.6,1,1,4,29,NA,102.8,24,56,2.3,1,11,24,362,15.1,1,38,33,NA,NA,NA,76,42,4,6,4,9,0,1,0,0,3,96,32,34,0,1,13,13,13,0,2,3,67,51,2,2,8,5,249,49.8,2,0,60,21,17,3,1,5,13,1,1,62,389,6.3,12,1,1,9,77,1,0,29:55,TRUE,TRUE,b18540eb-6f2b-534c-e7f9-9bd930518da9,TRUE,NA
2025_01_LV_NE,401772720,s:20~l:28~e:401772720,2025,2,2025-09-07T17:00Z,1,home,0,17,s:20~l:28~t:17,New England,Patriots,NE,New England Patriots,002a5c,c60c30,https://a.espncdn.com/i/teamlogos/nfl/500/ne.png,0,13,2-2,30,46,276,6.2,1,1,4,11,NA,80.6,18,60,3.3,0,14,30,287,9.6,1,27,45,1,0,1,71,41,4,10,5,9,0,1,1,0,4,111,27.8,41,0,2,16,8,9,0,2,3,67,44,1,1,7,6,244,40.7,0,2,59,18,15,2,1,4,14,1,1,68,336,4.9,11,3,1,8,70,1,0,30:05,TRUE,TRUE,0078f353-fe3e-67ed-a42c-43cca0568e21,TRUE,NA
2025_01_ARI_NO,401772718,s:20~l:28~e:401772718,2025,2,2025-09-07T17:00Z,1,away,1,22,s:20~l:28~t:22,Arizona,Cardinals,ARI,Arizona Cardinals,a40227,ffffff,https://a.espncdn.com/i/teamlogos/nfl/500/ari.png,1,20,1-0,21,29,130,5.6,2,0,5,33,NA,108.8,27,146,5.4,0,52,21,163,7.8,2,45,29,NA,NA,NA,74,38,1,3,10,2,0,NA,NA,NA,3,73,24.3,29,0,3,30,10,23,0,2,3,67,50,2,2,8,4,188,47,0,1,60,19,11,5,3,6,13,0,0,61,276,4.5,9,3,2,9,54,0,0,33:46,TRUE,TRUE,8fc7b962-95e1-3cb8-6a7d-b499de9ad546,TRUE,NA
2025_01_ARI_NO,401772718,s:20~l:28~e:401772718,2025,2,2025-09-07T17:00Z,1,home,0,18,s:20~l:28~t:18,New Orleans,Saints,NO,New Orleans Saints,d3bc8d,000000,https://a.espncdn.com/i/teamlogos/nfl/500/no.png,0,13,0-1,27,46,208,4.7,0,0,1,6,NA,70.4,22,107,4.9,1,18,27,214,7.9,0,21,41,NA,NA,NA,70,43,5,7,5,5,0,NA,NA,NA,5,128,25.6,43,0,2,18,9,11,0,2,3,67,36,1,1,7,4,202,50.5,0,2,54,21,12,5,4,5,14,1,2,69,315,4.6,10,4,1,13,89,0,0,26:14,TRUE,TRUE,97d2f6c9-2f22-459c-306a-046941ccab2a,TRUE,NA
2025_01_PIT_NYJ,401772721,s:20~l:28~e:401772721,2025,2,2025-09-07T17:00Z,1,away,1,23,s:20~l:28~t:23,Pittsburgh,Steelers,PIT,Pittsburgh Steelers,000000,ffb612,https://a.espncdn.com/i/teamlogos/nfl/500/pit.png,1,34,1-0,22,30,218,8.1,4,0,4,26,NA,136.7,20,53,2.7,0,9,22,244,11.1,4,31,29,2,0,3,75,50,1,6,4,6,0,NA,NA,NA,6,165,27.5,33,0,NA,NA,NA,NA,NA,2,2,100,60,4,4,10,4,190,47.5,0,1,50,19,14,2,3,4,10,0,0,54,271,5,11,3,3,4,26,0,0,25:17,TRUE,TRUE,debcd592-8d53-71f1-fc15-5c8b8ef9df6e,TRUE,NA
2025_01_PIT_NYJ,401772721,s:20~l:28~e:401772721,2025,2,2025-09-07T17:00Z,1,home,0,20,s:20~l:28~t:20,New York,Jets,NYJ,New York Jets,115740,ffffff,https://a.espncdn.com/i/teamlogos/nfl/500/nyj.png,0,32,0-1,16,22,212,9.9,1,0,1,6,NA,119.1,39,182,4.7,3,18,16,218,13.6,1,33,21,1,1,0,63,33,4,7,4,7,0,NA,NA,NA,7,206,29.4,40,0,2,19,9.5,19,0,2,2,100,51,2,2,8,2,94,47,0,1,55,23,9,13,1,7,14,1,2,62,394,6.4,11,4,3,7,74,1,0,34:43,TRUE,TRUE,732d3caf-b350-1e34-48c6-b7cebb4a0d88,TRUE,NA
2025_01_NYG_WAS,401772827,s:20~l:28~e:401772827,2025,2,2025-09-07T17:00Z,1,away,0,19,s:20~l:28~t:19,New York,Giants,NYG,New York Giants,003c7f,c9243f,https://a.espncdn.com/i/teamlogos/nfl/500/nyg.png,1,6,0-1,17,37,157,4.5,0,0,2,11,NA,59.3,23,74,3.2,0,15,17,168,9.9,0,25,32,1,0,1,71,32,3,3,3,5,0,NA,NA,NA,2,41,20.5,21,0,3,24,8,11,0,2,2,100,55,0,0,6,6,287,47.8,2,0,65,17,9,4,4,4,16,1,2,62,231,3.7,9,2,0,6,35,0,0,30:32,TRUE,TRUE,378600ea-2397-8364-8399-b7c1606a49a7,TRUE,NA
2025_01_NYG_WAS,401772827,s:20~l:28~e:401772827,2025,2,2025-09-07T17:00Z,1,home,1,28,s:20~l:28~t:28,Washington,Commanders,WAS,Washington Commanders,5a1414,ffb612,https://a.espncdn.com/i/teamlogos/nfl/500/wsh.png,0,21,1-0,19,30,212,7.8,1,0,3,21,NA,98.3,32,220,6.9,2,42,19,233,12.3,1,34,29,NA,NA,NA,60,34,2,7,7,8,0,NA,NA,NA,3,86,28.7,36,0,2,0,0,0,0,0,0,0,0,3,3,3,5,245,49,1,2,64,25,11,11,3,4,11,0,0,65,432,6.6,10,4,3,12,89,0,0,29:28,TRUE,TRUE,fbeaf73e-6d6c-cca4-0809-713d9d741f90,TRUE,NA
2025_01_TEN_DEN,401772832,s:20~l:28~e:401772832,2025,2,2025-09-07T20:05Z,1,away,0,10,s:20~l:28~t:10,Tennessee,Titans,TEN,Tennessee Titans,4b92db,002a5c,https://a.espncdn.com/i/teamlogos/nfl/500/ten.png,1,12,0-1,12,28,62,4,0,0,6,50,NA,54.5,21,71,3.4,0,9,12,112,9.3,0,29,25,2,2,2,75,46,1,4,5,5,0,2,16,0,4,144,36,71,0,1,12,12,12,0,4,4,100,50,0,0,12,8,395,49.4,1,2,65,7,5,2,0,2,14,0,1,55,133,2.4,14,2,0,13,131,2,0,28:04,TRUE,TRUE,0a0aea59-9a5e-01b3-57a3-0151cf4bf393,TRUE,NA
2025_01_TEN_DEN,401772832,s:20~l:28~e:401772832,2025,2,2025-09-07T20:05Z,1,home,1,7,s:20~l:28~t:7,Denver,Broncos,DEN,Denver Broncos,0a2343,fc4c02,https://a.espncdn.com/i/teamlogos/nfl/500/den.png,0,20,1-0,25,40,166,4.4,1,2,1,10,NA,60,30,151,5,1,50,25,176,7,1,22,37,2,2,2,62,36,6,7,4,14,0,NA,NA,NA,3,82,27.3,31,0,4,47,11.8,18,0,2,2,100,39,2,2,8,3,144,48,0,3,53,20,9,5,6,6,15,0,2,71,317,4.5,14,3,1,6,45,4,0,31:56,TRUE,TRUE,51042145-e3c1-0694-ae0d-f720342ff8fc,TRUE,NA
2025_01_SF_SEA,401772831,s:20~l:28~e:401772831,2025,2,2025-09-07T20:05Z,1,away,1,25,s:20~l:28~t:25,San Francisco,49ers,SF,San Francisco 49ers,aa0000,b3995d,https://a.espncdn.com/i/teamlogos/nfl/500/sf.png,1,17,1-0,26,35,265,7.9,2,2,1,12,NA,92.2,36,119,3.3,0,13,26,277,10.7,2,45,34,1,0,3,56,37,1,7,3,2,0,NA,NA,NA,2,40,20,24,0,4,39,9.8,18,0,1,3,33,32,2,2,5,2,96,48,0,1,54,24,15,7,2,7,14,2,2,72,384,5.3,11,5,2,9,61,2,0,37:58,TRUE,TRUE,985a261f-296c-c95c-32a5-addc4df75001,TRUE,NA
2025_01_SF_SEA,401772831,s:20~l:28~e:401772831,2025,2,2025-09-07T20:05Z,1,home,0,26,s:20~l:28~t:26,Seattle,Seahawks,SEA,Seattle Seahawks,002a5c,69be28,https://a.espncdn.com/i/teamlogos/nfl/500/sea.png,0,13,0-1,16,23,146,6.5,0,0,1,4,NA,87.2,26,84,3.2,1,9,16,150,9.4,0,40,22,3,2,0,85,47,1,7,4,8,0,2,7,0,2,59,29.5,36,0,1,12,12,12,0,2,2,100,48,1,1,7,5,259,51.8,0,2,58,14,6,6,2,3,10,0,0,50,230,4.6,10,3,1,4,30,2,0,22:02,TRUE,TRUE,3767a23c-a17d-294f-288a-9086ad1f0680,TRUE,NA
2025_01_DET_GB,401772722,s:20~l:28~e:401772722,2025,2,2025-09-07T20:25Z,1,away,0,8,s:20~l:28~t:8,Detroit,Lions,DET,Detroit Lions,0076b6,bbbbbb,https://a.espncdn.com/i/teamlogos/nfl/500/det.png,1,13,0-1,31,39,200,5.8,1,1,4,25,NA,88.6,22,46,2.1,0,14,31,225,7.3,1,32,38,NA,NA,NA,52,34,0,2,1,2,0,NA,NA,NA,5,116,23.2,25,0,2,19,9.5,14,0,2,2,100,30,1,1,7,3,142,47.3,0,0,55,16,13,2,1,5,15,3,4,65,246,3.8,9,4,1,7,40,1,0,35:25,TRUE,TRUE,56caffee-178d-f6f2-a076-b277486b8c32,TRUE,NA
2025_01_DET_GB,401772722,s:20~l:28~e:401772722,2025,2,2025-09-07T20:25Z,1,home,1,9,s:20~l:28~t:9,Green Bay,Packers,GB,Green Bay Packers,204e32,ffb612,https://a.espncdn.com/i/teamlogos/nfl/500/gb.png,0,27,1-0,16,22,188,8.5,2,0,0,0,NA,128.6,25,78,3.1,1,15,16,188,11.8,2,48,22,NA,NA,NA,84,43,4,9,2,9,0,1,0,0,2,39,19.5,21,0,3,32,10.7,20,0,2,2,100,38,3,3,9,3,164,54.7,0,2,65,14,8,4,2,4,10,1,1,47,266,5.7,9,5,3,4,40,0,0,24:35,TRUE,TRUE,06cd3bcf-7a86-53d4-28e7-aa049dd36261,TRUE,NA
2025_01_HOU_LA,401772723,s:20~l:28~e:401772723,2025,2,2025-09-07T20:25Z,1,away,0,34,s:20~l:28~t:34,Houston,Texans,HOU,Houston Texans,00143f,c41230,https://a.espncdn.com/i/teamlogos/nfl/500/hou.png,1,9,0-1,19,27,151,7,0,1,3,37,NA,74.3,27,114,4.2,0,14,19,188,9.9,0,23,27,1,1,1,61,38,3,5,1,6,0,NA,NA,NA,1,11,11,11,0,2,20,10,10,0,3,3,100,53,0,0,9,4,208,52,0,1,61,18,7,8,3,2,9,1,1,57,265,4.6,9,1,0,11,80,2,0,31:25,TRUE,TRUE,595690b3-2161-4913-a7a7-814af2fd2621,TRUE,NA
2025_01_HOU_LA,401772723,s:20~l:28~e:401772723,2025,2,2025-09-07T20:25Z,1,home,1,14,s:20~l:28~t:14,Los Angeles,Rams,LA,Los Angeles Rams,003594,ffd100,https://a.espncdn.com/i/teamlogos/nfl/500/lar.png,0,14,1-0,21,29,224,8.4,1,0,3,21,NA,109.1,25,72,2.9,1,9,21,245,11.7,1,36,28,2,1,2,66,40,3,3,4,7,0,1,0,0,2,60,30,32,0,2,21,10.5,16,0,0,0,0,0,2,2,2,5,220,44,1,2,50,18,13,3,2,7,13,1,1,57,296,5.2,9,3,2,7,60,1,0,28:35,TRUE,TRUE,2e1473b2-e269-fd7a-1137-c1edacb85986,TRUE,NA
2025_01_BAL_BUF,401772918,s:20~l:28~e:401772918,2025,2,2025-09-08T00:20Z,1,away,0,33,s:20~l:28~t:33,Baltimore,Ravens,BAL,Baltimore Ravens,29126f,000000,https://a.espncdn.com/i/teamlogos/nfl/500/bal.png,1,40,0-1,14,19,194,11,2,0,2,15,NA,144.4,29,238,8.2,3,49,14,209,14.9,2,39,19,2,1,1,75,53,1,3,4,3,0,NA,NA,NA,6,167,27.8,41,0,1,6,6,6,0,2,2,100,52,4,5,10,3,152,50.7,1,1,59,19,8,10,1,6,11,0,0,50,432,8.6,11,3,1,7,51,1,0,25:11,TRUE,TRUE,38248455-3da4-84e4-8090-98b5cc38ffdc,TRUE,NA
2025_01_BAL_BUF,401772918,s:20~l:28~e:401772918,2025,2,2025-09-08T00:20Z,1,home,1,2,s:20~l:28~t:2,Buffalo,Bills,BUF,Buffalo Bills,00338d,d50a0a,https://a.espncdn.com/i/teamlogos/nfl/500/buf.png,0,41,1-0,33,46,389,8.6,2,0,1,5,NA,112,31,108,3.5,3,17,33,394,11.9,2,51,45,1,0,1,52,44,2,5,1,4,0,NA,NA,NA,7,193,27.6,41,0,1,0,0,0,0,3,3,100,43,2,2,11,4,158,39.5,0,1,48,29,18,9,2,7,15,1,1,78,497,6.4,12,7,5,5,38,0,0,34:49,TRUE,TRUE,232afaf2-01ac-fcc2-8bd6-66550df1703a,TRUE,NA
2025_01_MIN_CHI,401772810,s:20~l:28~e:401772810,2025,2,2025-09-09T00:15Z,1,away,1,16,s:20~l:28~t:16,Minnesota,Vikings,MIN,Minnesota Vikings,4f2683,ffc62f,https://a.espncdn.com/i/teamlogos/nfl/500/min.png,1,27,1-0,13,20,134,7.2,2,1,3,9,NA,98.5,26,120,4.6,1,19,13,143,11,2,28,20,0,0,1,66,41,2,6,3,3,0,NA,NA,NA,5,133,26.6,33,0,4,68,17,22,0,2,2,100,59,1,1,7,7,333,47.6,0,0,54,14,5,6,3,3,12,0,0,49,254,5.2,13,3,2,8,50,1,0,27:07,TRUE,TRUE,3db556c9-ed76-a7a5-4ccb-a92fc6db4334,TRUE,NA
2025_01_MIN_CHI,401772810,s:20~l:28~e:401772810,2025,2,2025-09-09T00:15Z,1,home,0,3,s:20~l:28~t:3,Chicago,Bears,CHI,Chicago Bears,0b1c3a,e64100,https://a.espncdn.com/i/teamlogos/nfl/500/chi.png,0,24,0-1,21,35,198,6,1,0,2,12,NA,86.6,26,119,4.6,1,13,21,210,10,1,31,34,1,1,0,60,38,3,6,5,5,1,1,74,1,4,125,31.3,44,0,4,37,9.3,22,0,1,2,50,42,3,3,6,6,266,44.3,0,1,56,20,10,7,3,3,12,0,1,63,317,5,13,2,2,12,127,1,1,32:53,TRUE,TRUE,19d73366-b5a5-cca2-a176-a2c024ce0bb3,TRUE,NA
2025_02_WAS_GB,401772936,s:20~l:28~e:401772936,2025,2,2025-09-12T00:15Z,2,away,0,28,s:20~l:28~t:28,Washington,Commanders,WAS,Washington Commanders,5a1414,ffb612,https://a.espncdn.com/i/teamlogos/nfl/500/wsh.png,1,18,1-1,24,42,179,4.8,2,0,4,21,NA,85.4,19,51,2.7,0,8,24,200,8.3,2,20,40,NA,NA,NA,65,35,2,2,3,4,0,NA,NA,NA,3,103,34.3,50,0,3,50,16.7,24,0,1,3,33,51,1,1,4,4,187,46.8,0,3,55,15,10,3,2,5,16,1,3,65,230,3.5,11,1,1,5,30,0,0,27:34,TRUE,TRUE,fbeaf73e-6d6c-cca4-0809-713d9d741f90,TRUE,NA
2025_02_WAS_GB,401772936,s:20~l:28~e:401772936,2025,2,2025-09-12T00:15Z,2,home,1,9,s:20~l:28~t:9,Green Bay,Packers,GB,Green Bay Packers,204e32,ffb612,https://a.espncdn.com/i/teamlogos/nfl/500/gb.png,0,27,2-0,19,31,269,9.4,2,0,2,23,NA,113.9,30,135,4.5,1,16,19,292,15.4,2,57,27,NA,NA,NA,60,42,4,3,8,12,0,NA,NA,NA,2,57,28.5,30,0,3,1,0.3,3,0,2,3,67,56,3,3,9,4,213,53.3,1,0,55,22,14,6,2,5,12,0,1,63,404,6.4,12,4,3,10,77,0,0,32:26,TRUE,TRUE,06cd3bcf-7a86-53d4-28e7-aa049dd36261,TRUE,NA
2025_02_CLE_BAL,401772726,s:20~l:28~e:401772726,2025,2,2025-09-14T17:00Z,2,away,0,5,s:20~l:28~t:5,Cleveland,Browns,CLE,Cleveland Browns,472a08,ff3c00,https://a.espncdn.com/i/teamlogos/nfl/500/cle.png,1,17,0-2,28,48,208,4.6,2,1,2,11,NA,74.9,22,115,5.2,0,31,28,218,7.8,2,26,41,1,1,0,57,28,3,5,5,5,0,NA,NA,NA,5,94,18.8,25,0,1,0,0,0,0,1,1,100,38,2,2,5,5,223,37.2,0,3,53,17,10,7,0,7,18,1,3,72,323,4.5,12,2,2,6,42,2,0,31:49,TRUE,TRUE,539babc5-e5fb-753b-8ae1-c15032a91ef4,TRUE,NA
2025_02_CLE_BAL,401772726,s:20~l:28~e:401772726,2025,2,2025-09-14T17:00Z,2,home,1,33,s:20~l:28~t:33,Baltimore,Ravens,BAL,Baltimore Ravens,29126f,000000,https://a.espncdn.com/i/teamlogos/nfl/500/bal.png,0,41,1-1,19,29,197,7.8,4,0,3,28,NA,128.6,21,45,2.1,0,11,19,225,11.8,4,41,28,1,0,2,71,44,2,7,5,9,1,1,61,0,3,79,26.3,33,0,1,23,23,23,0,2,2,100,43,5,5,11,5,259,51.8,0,2,58,14,10,2,2,3,12,1,1,53,242,4.6,12,4,3,6,28,0,1,28:11,TRUE,TRUE,38248455-3da4-84e4-8090-98b5cc38ffdc,TRUE,NA
2025_02_JAX_CIN,401772725,s:20~l:28~e:401772725,2025,2,2025-09-14T17:00Z,2,away,0,30,s:20~l:28~t:30,Jacksonville,Jaguars,JAX,Jacksonville Jaguars,007487,d7a22a,https://a.espncdn.com/i/teamlogos/nfl/500/jax.png,1,27,1-1,24,42,261,6.5,3,2,1,10,NA,80.6,27,139,5.1,0,30,24,271,11.3,3,40,41,1,0,1,63,39,3,6,12,9,0,3,73,0,4,101,25.3,32,0,2,19,9.5,15,0,2,2,100,42,3,3,9,2,95,47.5,0,1,60,21,15,5,1,6,13,0,1,70,400,5.7,12,6,3,6,55,2,0,33:11,TRUE,TRUE,ca6fb778-cbf6-d9a3-3e93-01230335fcab,TRUE,NA
2025_02_JAX_CIN,401772725,s:20~l:28~e:401772725,2025,2,2025-09-14T17:00Z,2,home,1,4,s:20~l:28~t:4,Cincinnati,Bengals,CIN,Cincinnati Bengals,fb4f14,000000,https://a.espncdn.com/i/teamlogos/nfl/500/cin.png,0,31,2-0,28,45,302,7,3,3,3,15,NA,77.7,17,48,2.8,1,11,28,317,11.3,3,42,43,NA,NA,NA,69,43,1,2,8,4,0,2,4,0,6,154,25.7,37,0,1,11,11,11,0,1,1,100,31,4,4,7,3,166,55.3,0,2,63,24,17,5,2,6,14,1,1,65,350,5.4,11,4,3,3,29,3,0,26:49,TRUE,TRUE,75b8623b-8926-b411-0476-3d3602b78523,TRUE,NA
2025_02_NYG_DAL,401772834,s:20~l:28~e:401772834,2025,2,2025-09-14T17:00Z,2,away,0,19,s:20~l:28~t:19,New York,Giants,NYG,New York Giants,003c7f,c9243f,https://a.espncdn.com/i/teamlogos/nfl/500/nyg.png,1,37,0-2,30,41,422,11,3,1,3,28,NA,123,21,84,4,1,24,30,450,15,3,52,40,1,0,0,87,63,3,8,8,7,0,1,0,0,6,161,26.8,30,0,3,38,12.7,21,0,3,3,100,38,4,4,13,3,135,45,0,0,50,22,15,6,1,6,14,1,2,65,506,7.8,12,5,1,14,160,1,0,32:39,TRUE,TRUE,378600ea-2397-8364-8399-b7c1606a49a7,TRUE,NA
2025_02_NYG_DAL,401772834,s:20~l:28~e:401772834,2025,2,2025-09-14T17:00Z,2,home,1,6,s:20~l:28~t:6,Dallas,Cowboys,DAL,Dallas Cowboys,002a5c,b0b7bc,https://a.espncdn.com/i/teamlogos/nfl/500/dal.png,0,40,1-1,38,52,343,6.9,2,1,3,18,NA,96.7,28,135,4.8,2,30,38,361,9.5,2,33,52,1,0,1,81,38,3,4,2,6,0,1,0,0,9,209,23.2,30,0,1,2,2,2,0,4,4,100,64,4,4,16,4,191,47.8,0,2,53,32,18,8,6,6,14,1,1,83,478,5.8,14,3,3,12,106,1,0,37:21,TRUE,TRUE,b0fc8fb7-9dbe-e574-9008-6f0ee7c6b234,TRUE,NA
2025_02_CHI_DET,401772835,s:20~l:28~e:401772835,2025,2,2025-09-14T17:00Z,2,away,0,3,s:20~l:28~t:3,Chicago,Bears,CHI,Chicago Bears,0b1c3a,e64100,https://a.espncdn.com/i/teamlogos/nfl/500/chi.png,1,21,0-2,21,33,205,7.1,2,1,4,29,NA,92.2,27,134,5,1,20,21,234,11.1,2,37,33,2,1,1,66,42,0,4,0,4,0,NA,NA,NA,8,215,26.9,36,0,2,16,8,10,0,0,0,0,0,3,3,3,4,212,53,0,1,62,19,11,7,1,7,13,0,2,64,339,5.3,13,2,2,8,50,2,0,29:40,TRUE,TRUE,19d73366-b5a5-cca2-a176-a2c024ce0bb3,TRUE,NA
2025_02_CHI_DET,401772835,s:20~l:28~e:401772835,2025,2,2025-09-14T17:00Z,2,home,1,8,s:20~l:28~t:8,Detroit,Lions,DET,Detroit Lions,0076b6,bbbbbb,https://a.espncdn.com/i/teamlogos/nfl/500/det.png,0,52,1-1,23,28,334,11.9,5,0,0,0,NA,156,30,177,5.9,2,42,23,334,14.5,5,64,28,0,0,1,71,46,4,5,5,4,0,1,0,0,2,48,24,28,0,3,19,6.3,16,0,1,2,50,34,7,7,10,3,147,49,0,2,62,25,15,10,0,4,10,1,1,58,511,8.8,12,7,6,3,28,0,0,30:20,TRUE,TRUE,56caffee-178d-f6f2-a076-b277486b8c32,TRUE,NA
2025_02_NE_MIA,401772728,s:20~l:28~e:401772728,2025,2,2025-09-14T17:00Z,2,away,1,17,s:20~l:28~t:17,New England,Patriots,NE,New England Patriots,002a5c,c60c30,https://a.espncdn.com/i/teamlogos/nfl/500/ne.png,1,33,1-1,19,23,211,10,2,0,3,19,NA,137.3,29,122,4.2,1,21,19,230,12.1,2,55,23,1,0,1,61,42,5,6,2,5,1,1,20,0,6,171,28.5,90,1,1,8,8,8,0,2,2,100,53,1,3,7,2,136,68,0,0,71,18,9,8,1,7,12,1,1,55,333,6.1,10,4,3,12,75,0,1,33:45,TRUE,TRUE,0078f353-fe3e-67ed-a42c-43cca0568e21,TRUE,NA
2025_02_NE_MIA,401772728,s:20~l:28~e:401772728,2025,2,2025-09-14T17:00Z,2,home,0,15,s:20~l:28~t:15,Miami,Dolphins,MIA,Miami Dolphins,008e97,fc4c02,https://a.espncdn.com/i/teamlogos/nfl/500/mia.png,0,27,0-2,26,32,297,9.8,2,1,5,18,NA,115.5,15,61,4.1,0,18,26,315,12.1,2,47,32,NA,NA,NA,66,34,3,4,2,3,1,NA,NA,NA,6,128,21.3,27,0,2,93,46.5,74,1,2,2,100,44,3,3,9,2,88,44,0,1,48,16,15,1,0,4,10,0,2,52,358,6.9,8,2,1,10,65,1,1,26:15,TRUE,TRUE,af33088b-1e19-d27d-dbc0-354fd7151703,TRUE,NA
2025_02_SF_NO,401772833,s:20~l:28~e:401772833,2025,2,2025-09-14T17:00Z,2,away,1,25,s:20~l:28~t:25,San Francisco,49ers,SF,San Francisco 49ers,aa0000,b3995d,https://a.espncdn.com/i/teamlogos/nfl/500/sf.png,1,26,2-0,26,39,267,7.2,3,0,3,12,NA,113.1,26,77,3,0,13,26,279,10.7,3,42,38,2,1,2,77,46,3,7,3,5,0,NA,NA,NA,2,47,23.5,25,0,1,1,1,1,0,2,2,100,46,2,3,8,4,173,43.3,0,2,49,23,15,5,3,8,15,0,0,68,344,5.1,11,2,2,5,40,1,0,30:45,TRUE,TRUE,985a261f-296c-c95c-32a5-addc4df75001,TRUE,NA
2025_02_SF_NO,401772833,s:20~l:28~e:401772833,2025,2,2025-09-14T17:00Z,2,home,0,18,s:20~l:28~t:18,New Orleans,Saints,NO,New Orleans Saints,d3bc8d,000000,https://a.espncdn.com/i/teamlogos/nfl/500/no.png,0,21,0-2,25,34,186,6.1,3,0,3,21,NA,118.1,30,121,4,0,15,25,207,8.3,3,39,34,2,1,2,61,42,3,7,6,6,0,NA,NA,NA,3,82,27.3,34,0,2,23,11.5,19,0,0,1,0,0,3,3,3,4,171,42.8,1,1,52,21,12,6,3,4,11,1,2,67,307,4.6,11,3,3,7,45,1,0,29:15,TRUE,TRUE,97d2f6c9-2f22-459c-306a-046941ccab2a,TRUE,NA
2025_02_BUF_NYJ,401772727,s:20~l:28~e:401772727,2025,2,2025-09-14T17:00Z,2,away,1,2,s:20~l:28~t:2,Buffalo,Bills,BUF,Buffalo Bills,00338d,d50a0a,https://a.espncdn.com/i/teamlogos/nfl/500/buf.png,1,30,2-0,15,27,179,6.7,0,0,1,1,NA,76.2,43,224,5.2,3,44,15,180,12,0,32,25,1,0,2,53,33,4,5,4,7,0,NA,NA,NA,2,47,23.5,27,0,4,22,5.5,9,0,3,3,100,52,3,3,12,3,130,43.3,0,2,48,25,9,12,4,5,14,2,2,71,403,5.7,11,4,2,6,69,0,0,38:21,TRUE,TRUE,232afaf2-01ac-fcc2-8bd6-66550df1703a,TRUE,NA
2025_02_BUF_NYJ,401772727,s:20~l:28~e:401772727,2025,2,2025-09-14T17:00Z,2,home,0,20,s:20~l:28~t:20,New York,Jets,NYJ,New York Jets,115740,ffffff,https://a.espncdn.com/i/teamlogos/nfl/500/nyj.png,0,10,0-2,10,22,54,3.8,1,0,4,29,NA,70.8,21,100,4.8,0,27,10,83,8.3,1,18,21,3,1,2,80,40,1,4,6,2,0,NA,NA,NA,7,174,24.9,33,0,1,11,11,11,0,1,1,100,51,1,1,4,7,340,48.6,1,3,55,11,5,5,1,0,11,3,3,47,154,3.3,10,1,1,5,35,1,0,21:39,TRUE,TRUE,732d3caf-b350-1e34-48c6-b7cebb4a0d88,TRUE,NA
2025_02_SEA_PIT,401772836,s:20~l:28~e:401772836,2025,2,2025-09-14T17:00Z,2,away,1,26,s:20~l:28~t:26,Seattle,Seahawks,SEA,Seattle Seahawks,002a5c,69be28,https://a.espncdn.com/i/teamlogos/nfl/500/sea.png,1,31,1-1,22,33,278,8.9,2,2,2,17,NA,89.8,29,117,4,1,20,22,295,13.4,2,43,30,NA,NA,NA,63,40,3,2,5,8,1,2,28,0,5,133,26.6,32,0,2,30,15,22,0,1,2,50,54,4,4,6,4,175,43.8,1,2,52,21,13,8,0,6,14,1,2,64,395,6.2,12,3,2,2,10,2,1,31:17,TRUE,TRUE,3767a23c-a17d-294f-288a-9086ad1f0680,TRUE,NA
2025_02_SEA_PIT,401772836,s:20~l:28~e:401772836,2025,2,2025-09-14T17:00Z,2,home,0,23,s:20~l:28~t:23,Pittsburgh,Steelers,PIT,Pittsburgh Steelers,000000,ffb612,https://a.espncdn.com/i/teamlogos/nfl/500/pit.png,0,17,1-1,20,35,195,6.1,1,2,3,20,NA,61,21,72,3.4,0,13,20,215,10.8,1,65,31,NA,NA,NA,72,47,2,6,6,8,0,2,43,0,4,78,19.5,24,0,NA,NA,NA,NA,NA,3,3,100,48,0,0,9,4,221,55.3,1,1,64,13,6,6,1,5,15,1,2,59,267,4.5,12,2,1,2,15,2,0,28:43,TRUE,TRUE,debcd592-8d53-71f1-fc15-5c8b8ef9df6e,TRUE,NA
2025_02_LA_TEN,401772724,s:20~l:28~e:401772724,2025,2,2025-09-14T17:00Z,2,away,1,14,s:20~l:28~t:14,Los Angeles,Rams,LA,Los Angeles Rams,003594,ffd100,https://a.espncdn.com/i/teamlogos/nfl/500/lar.png,1,33,2-0,23,33,290,9,2,1,1,8,NA,105.4,25,149,6,2,45,23,298,13,2,40,32,1,0,2,69,46,5,6,4,8,0,NA,NA,NA,3,80,26.7,30,0,2,14,7,14,0,2,2,100,21,3,4,9,3,145,48.3,0,1,51,22,12,8,2,5,12,1,1,59,439,7.4,11,6,3,4,29,1,0,29:53,TRUE,TRUE,2e1473b2-e269-fd7a-1137-c1edacb85986,TRUE,NA
2025_02_LA_TEN,401772724,s:20~l:28~e:401772724,2025,2,2025-09-14T17:00Z,2,home,0,10,s:20~l:28~t:10,Tennessee,Titans,TEN,Tennessee Titans,4b92db,002a5c,https://a.espncdn.com/i/teamlogos/nfl/500/ten.png,0,19,0-2,19,33,143,5.3,1,0,5,32,NA,82.3,26,109,4.2,0,10,19,175,9.2,1,26,31,1,1,0,62,36,1,2,4,6,0,1,0,0,5,83,16.6,21,0,2,37,18.5,21,0,4,4,100,57,1,1,13,5,250,50,0,2,57,18,10,7,1,6,15,1,1,64,252,3.9,11,3,1,10,62,1,0,30:07,TRUE,TRUE,0a0aea59-9a5e-01b3-57a3-0151cf4bf393,TRUE,NA
2025_02_CAR_ARI,401772730,s:20~l:28~e:401772730,2025,2,2025-09-14T20:05Z,2,away,0,29,s:20~l:28~t:29,Carolina,Panthers,CAR,Carolina Panthers,0085ca,000000,https://a.espncdn.com/i/teamlogos/nfl/500/car.png,1,22,0-2,35,55,303,6,3,1,3,25,NA,90.6,19,49,2.6,0,14,35,328,9.4,3,40,53,1,1,0,55,32,1,4,5,4,0,1,0,0,5,113,22.6,35,0,1,12,12,12,0,1,1,100,27,1,1,4,2,95,47.5,0,1,60,26,19,4,3,5,15,3,4,77,352,4.6,10,4,3,7,83,2,0,33:15,TRUE,TRUE,647c27bf-ab86-550e-5b83-91c29e73e4a9,TRUE,NA
2025_02_CAR_ARI,401772730,s:20~l:28~e:401772730,2025,2,2025-09-14T20:05Z,2,home,1,22,s:20~l:28~t:22,Arizona,Cardinals,ARI,Arizona Cardinals,a40227,ffffff,https://a.espncdn.com/i/teamlogos/nfl/500/ari.png,0,27,2-0,17,25,211,8.8,1,1,1,9,NA,92.1,22,82,3.7,1,30,17,220,12.9,1,31,25,0,0,1,76,46,3,6,9,10,1,1,4,0,4,87,21.8,25,0,1,29,29,29,0,2,2,100,47,3,3,9,2,123,61.5,0,0,62,16,10,5,1,3,9,1,1,48,293,6.1,8,4,2,12,96,1,1,26:45,TRUE,TRUE,8fc7b962-95e1-3cb8-6a7d-b499de9ad546,TRUE,NA
2025_02_DEN_IND,401772729,s:20~l:28~e:401772729,2025,2,2025-09-14T20:05Z,2,away,0,7,s:20~l:28~t:7,Denver,Broncos,DEN,Denver Broncos,0a2343,fc4c02,https://a.espncdn.com/i/teamlogos/nfl/500/den.png,1,28,1-1,22,30,206,6.9,3,1,0,0,NA,111.3,24,118,4.9,1,23,22,206,9.4,3,42,30,NA,NA,NA,79,43,1,3,5,6,0,NA,NA,NA,5,122,24.4,28,0,NA,NA,NA,NA,NA,0,1,0,0,4,4,4,3,134,44.7,0,3,50,23,11,7,5,4,9,0,0,54,324,6,9,3,3,8,83,1,0,27:53,TRUE,TRUE,51042145-e3c1-0694-ae0d-f720342ff8fc,TRUE,NA
2025_02_DEN_IND,401772729,s:20~l:28~e:401772729,2025,2,2025-09-14T20:05Z,2,home,1,11,s:20~l:28~t:11,Indianapolis,Colts,IND,Indianapolis Colts,003b75,ffffff,https://a.espncdn.com/i/teamlogos/nfl/500/ind.png,0,29,2-0,23,34,306,9.3,1,0,1,10,NA,107,32,167,5.2,1,68,23,316,13.7,1,44,33,NA,NA,NA,58,36,0,5,4,0,0,1,0,0,5,140,28,39,0,2,4,2,4,0,5,5,100,45,2,2,17,NA,NA,NA,NA,NA,NA,26,16,6,4,6,13,0,2,67,473,7.1,10,6,2,11,68,0,0,32:07,TRUE,TRUE,582d14eb-da61-e505-cc40-d972a1b60ed1,TRUE,NA
2025_02_PHI_KC,401772837,s:20~l:28~e:401772837,2025,2,2025-09-14T20:25Z,2,away,1,21,s:20~l:28~t:21,Philadelphia,Eagles,PHI,Philadelphia Eagles,06424d,000000,https://a.espncdn.com/i/teamlogos/nfl/500/phi.png,1,20,2-0,15,22,94,4.6,0,0,2,7,NA,78,34,122,3.6,2,13,15,101,6.7,0,28,21,1,0,1,61,38,2,4,4,10,0,1,41,0,3,69,23,26,0,1,14,14,14,0,2,2,100,58,2,2,8,5,274,54.8,1,1,70,16,4,9,3,5,14,1,1,58,216,3.7,10,2,2,6,48,0,0,32:34,TRUE,TRUE,d1a9b001-1df7-fbd7-ae4c-6ca7065286ec,TRUE,NA
2025_02_PHI_KC,401772837,s:20~l:28~e:401772837,2025,2,2025-09-14T20:25Z,2,home,0,12,s:20~l:28~t:12,Kansas City,Chiefs,KC,Kansas City Chiefs,e31837,ffb612,https://a.espncdn.com/i/teamlogos/nfl/500/kc.png,0,17,0-2,16,29,173,6.4,1,1,2,14,NA,72,26,121,4.7,1,22,16,187,11.7,1,23,29,1,0,1,67,37,2,5,4,3,0,NA,NA,NA,4,95,23.8,27,0,2,42,21,25,0,1,2,50,56,2,2,5,3,178,59.3,0,2,69,17,7,9,1,4,12,2,3,57,294,5.2,9,2,1,6,45,1,0,27:26,TRUE,TRUE,f68f2343-8ceb-7a02-740d-af6338be21d2,TRUE,NA
2025_02_ATL_MIN,401772919,s:20~l:28~e:401772919,2025,2,2025-09-15T00:20Z,2,away,1,1,s:20~l:28~t:1,Atlanta,Falcons,ATL,Atlanta Falcons,a71930,000000,https://a.espncdn.com/i/teamlogos/nfl/500/atl.png,1,22,1-1,13,21,108,6.4,0,0,3,27,NA,80.5,39,218,5.6,1,25,13,135,10.4,0,21,21,1,1,2,57,29,6,5,4,11,0,2,0,0,1,21,21,21,0,NA,NA,NA,NA,NA,5,5,100,54,1,1,16,3,137,45.7,0,1,46,19,5,12,2,6,15,0,0,63,326,5.2,11,5,1,5,29,1,0,36:32,TRUE,TRUE,49fd392a-86fe-4df3-1b77-9bbfa18b2ad5,TRUE,NA
2025_02_ATL_MIN,401772919,s:20~l:28~e:401772919,2025,2,2025-09-15T00:20Z,2,home,0,16,s:20~l:28~t:16,Minnesota,Vikings,MIN,Minnesota Vikings,4f2683,ffc62f,https://a.espncdn.com/i/teamlogos/nfl/500/min.png,0,6,1-1,11,21,120,7.5,0,2,6,38,NA,37.5,19,78,4.1,0,16,11,158,14.4,0,50,21,4,2,3,72,40,3,6,1,5,0,NA,NA,NA,6,135,22.5,32,0,3,6,2,6,0,2,2,100,51,0,0,6,4,204,51,0,2,59,10,7,3,0,4,11,1,2,46,198,4.3,10,1,0,8,50,4,0,23:28,TRUE,TRUE,3db556c9-ed76-a7a5-4ccb-a92fc6db4334,TRUE,NA
2025_02_TB_HOU,401772715,s:20~l:28~e:401772715,2025,2,2025-09-15T23:00Z,2,away,1,27,s:20~l:28~t:27,Tampa Bay,Buccaneers,TB,Tampa Bay Buccaneers,bd1c36,3e3a35,https://a.espncdn.com/i/teamlogos/nfl/500/tb.png,1,20,2-0,25,38,191,5.7,2,0,4,24,NA,98,30,169,5.6,1,16,25,215,8.6,2,22,36,1,0,1,46,36,3,5,2,6,0,NA,NA,NA,3,68,22.7,26,0,1,6,6,6,0,0,1,0,0,2,2,2,6,253,42.2,1,0,60,25,12,9,4,6,14,1,1,72,360,5,10,3,2,7,45,0,0,37:09,TRUE,TRUE,13e8b157-a75a-ff24-ae91-fa3d52ddf204,TRUE,NA
2025_02_TB_HOU,401772715,s:20~l:28~e:401772715,2025,2,2025-09-15T23:00Z,2,home,0,34,s:20~l:28~t:34,Houston,Texans,HOU,Houston Texans,00143f,c41230,https://a.espncdn.com/i/teamlogos/nfl/500/hou.png,0,19,0-2,13,24,182,8.6,1,0,3,25,NA,97,19,84,4.4,1,25,13,207,15.9,1,37,23,NA,NA,NA,68,53,4,6,3,6,0,NA,NA,NA,4,107,26.8,34,0,3,67,22.3,53,0,2,2,100,53,1,1,7,4,203,50.8,1,2,57,12,7,3,2,2,9,0,1,46,266,5.8,11,2,0,6,45,0,0,22:51,TRUE,TRUE,595690b3-2161-4913-a7a7-814af2fd2621,TRUE,NA
2025_02_LAC_LV,401772811,s:20~l:28~e:401772811,2025,2,2025-09-16T02:00Z,2,away,1,24,s:20~l:28~t:24,Los Angeles,Chargers,LAC,Los Angeles Chargers,0080c6,ffc20e,https://a.espncdn.com/i/teamlogos/nfl/500/lac.png,1,20,2-0,19,27,236,9,2,0,2,6,NA,122.8,26,81,3.1,0,15,19,242,12.7,2,60,27,2,1,1,64,41,3,6,15,5,0,3,8,0,3,80,26.7,29,0,1,7,7,7,0,2,2,100,38,2,2,8,3,158,52.7,0,2,56,15,8,6,1,4,11,1,2,55,317,5.8,11,3,1,6,33,1,0,28:17,TRUE,TRUE,84caf62b-c753-71ea-a787-44fd224a4294,TRUE,NA
2025_02_LAC_LV,401772811,s:20~l:28~e:401772811,2025,2,2025-09-16T02:00Z,2,home,0,13,s:20~l:28~t:13,Las Vegas,Raiders,LV,Las Vegas Raiders,000000,a5acaf,https://a.espncdn.com/i/teamlogos/nfl/500/lv.png,0,9,1-1,24,43,150,4.2,0,3,3,30,NA,37,19,68,3.6,0,15,24,180,7.5,0,25,43,1,0,2,62,38,2,8,6,3,0,NA,NA,NA,4,91,22.8,25,0,1,15,15,15,0,3,3,100,54,0,0,9,2,114,57,0,1,60,15,8,5,2,9,18,0,2,65,218,3.4,10,3,0,5,47,3,0,31:43,TRUE,TRUE,b18540eb-6f2b-534c-e7f9-9bd930518da9,TRUE,NA
2025_03_MIA_BUF,401772937,s:20~l:28~e:401772937,2025,2,2025-09-19T00:15Z,3,away,0,15,s:20~l:28~t:15,Miami,Dolphins,MIA,Miami Dolphins,008e97,fc4c02,https://a.espncdn.com/i/teamlogos/nfl/500/mia.png,1,21,0-3,22,34,146,4.3,2,1,0,0,NA,81.3,25,130,5.2,1,16,22,146,6.6,2,19,33,1,0,1,58,44,2,2,3,2,0,NA,NA,NA,5,152,30.4,54,0,2,22,11,11,0,0,0,0,0,3,3,3,4,200,50,0,1,56,19,11,8,0,10,15,1,1,59,276,4.7,9,3,3,6,57,1,0,28:13,TRUE,TRUE,af33088b-1e19-d27d-dbc0-354fd7151703,TRUE,NA
2025_03_MIA_BUF,401772937,s:20~l:28~e:401772937,2025,2,2025-09-19T00:15Z,3,home,1,2,s:20~l:28~t:2,Buffalo,Bills,BUF,Buffalo Bills,00338d,d50a0a,https://a.espncdn.com/i/teamlogos/nfl/500/buf.png,0,31,3-0,22,28,203,7.6,3,0,2,10,NA,134.1,27,157,5.8,1,26,22,213,9.7,3,20,27,2,0,2,60,40,0,5,3,1,0,1,24,0,3,95,31.7,33,0,2,15,7.5,15,0,1,2,50,48,4,4,7,2,95,47.5,0,0,48,23,12,8,3,6,11,0,0,57,360,6.3,9,4,3,3,35,0,0,31:47,TRUE,TRUE,232afaf2-01ac-fcc2-8bd6-66550df1703a,TRUE,NA
2025_03_ATL_CAR,401772838,s:20~l:28~e:401772838,2025,2,2025-09-21T17:00Z,3,away,0,1,s:20~l:28~t:1,Atlanta,Falcons,ATL,Atlanta Falcons,a71930,000000,https://a.espncdn.com/i/teamlogos/nfl/500/atl.png,1,0,1-2,23,43,201,4.7,0,2,0,0,NA,46.8,23,131,5.7,0,17,23,201,8.7,0,25,41,1,1,1,60,36,1,4,2,3,0,NA,NA,NA,5,58,11.6,19,0,2,0,0,0,0,0,2,0,0,0,0,0,3,96,32,0,1,41,17,11,6,0,5,13,0,3,66,332,5,11,0,0,3,23,3,0,28:02,TRUE,TRUE,49fd392a-86fe-4df3-1b77-9bbfa18b2ad5,TRUE,NA
2025_03_ATL_CAR,401772838,s:20~l:28~e:401772838,2025,2,2025-09-21T17:00Z,3,home,1,29,s:20~l:28~t:29,Carolina,Panthers,CAR,Carolina Panthers,0085ca,000000,https://a.espncdn.com/i/teamlogos/nfl/500/car.png,0,30,1-2,16,24,114,5,0,0,1,7,NA,78.6,30,110,3.7,2,8,16,121,7.6,0,23,24,1,1,1,65,43,0,2,3,2,1,2,65,1,1,21,21,21,0,1,0,0,0,0,3,3,100,57,3,3,12,3,135,45,0,2,54,15,7,7,1,3,11,2,2,55,224,4.1,9,3,2,6,55,1,1,31:58,TRUE,TRUE,647c27bf-ab86-550e-5b83-91c29e73e4a9,TRUE,NA
2025_03_GB_CLE,401772842,s:20~l:28~e:401772842,2025,2,2025-09-21T17:00Z,3,away,0,9,s:20~l:28~t:9,Green Bay,Packers,GB,Green Bay Packers,204e32,ffb612,https://a.espncdn.com/i/teamlogos/nfl/500/gb.png,1,10,2-1,18,25,149,7.3,1,1,5,34,NA,89.3,31,81,2.6,0,10,18,183,10.2,1,34,25,0,0,0,62,34,2,5,3,10,0,1,0,0,3,78,26,35,0,2,8,4,5,0,1,2,50,39,1,1,4,5,265,53,1,0,63,14,8,4,2,10,18,0,0,61,230,3.8,10,2,1,14,75,1,0,34:14,TRUE,TRUE,06cd3bcf-7a86-53d4-28e7-aa049dd36261,TRUE,NA
2025_03_GB_CLE,401772842,s:20~l:28~e:401772842,2025,2,2025-09-21T17:00Z,3,home,1,5,s:20~l:28~t:5,Cleveland,Browns,CLE,Cleveland Browns,472a08,ff3c00,https://a.espncdn.com/i/teamlogos/nfl/500/cle.png,0,13,1-2,21,36,125,3.9,0,1,2,17,NA,55.5,19,96,5.1,1,38,21,142,6.8,0,17,33,NA,NA,NA,77,41,5,6,2,7,0,1,25,0,2,55,27.5,28,0,2,15,7.5,12,0,2,2,100,55,1,1,7,6,291,48.5,2,2,58,15,7,5,3,4,13,1,2,57,221,3.9,10,2,1,8,90,1,0,25:46,TRUE,TRUE,539babc5-e5fb-753b-8ae1-c15032a91ef4,TRUE,NA
2025_03_HOU_JAX,401772734,s:20~l:28~e:401772734,2025,2,2025-09-21T17:00Z,3,away,0,34,s:20~l:28~t:34,Houston,Texans,HOU,Houston Texans,00143f,c41230,https://a.espncdn.com/i/teamlogos/nfl/500/hou.png,1,10,0-3,25,38,184,5.4,1,2,2,20,NA,66.1,19,87,4.6,0,12,25,204,8.2,1,50,36,1,1,0,60,40,2,3,7,5,0,1,0,0,2,53,26.5,30,0,2,11,5.5,11,0,1,2,50,27,1,1,4,6,261,43.5,0,2,66,13,8,2,3,4,15,1,1,59,271,4.6,13,1,0,7,66,3,0,28:42,TRUE,TRUE,595690b3-2161-4913-a7a7-814af2fd2621,TRUE,NA
2025_03_HOU_JAX,401772734,s:20~l:28~e:401772734,2025,2,2025-09-21T17:00Z,3,home,1,30,s:20~l:28~t:30,Jacksonville,Jaguars,JAX,Jacksonville Jaguars,007487,d7a22a,https://a.espncdn.com/i/teamlogos/nfl/500/jax.png,0,17,2-1,20,40,205,5.6,0,1,2,17,NA,56.5,24,86,3.6,2,10,20,222,11.1,0,46,38,0,0,1,60,39,2,4,6,6,0,2,6,0,2,48,24,26,0,2,17,8.5,13,0,1,2,50,51,2,2,5,6,293,48.8,1,2,60,17,10,5,2,4,15,0,1,66,291,4.4,13,3,2,9,70,1,0,31:18,TRUE,TRUE,ca6fb778-cbf6-d9a3-3e93-01230335fcab,TRUE,NA
2025_03_CIN_MIN,401772731,s:20~l:28~e:401772731,2025,2,2025-09-21T17:00Z,3,away,0,4,s:20~l:28~t:4,Cincinnati,Bengals,CIN,Cincinnati Bengals,fb4f14,000000,https://a.espncdn.com/i/teamlogos/nfl/500/cin.png,1,10,2-1,19,27,118,5.2,1,2,4,22,NA,63.8,21,53,2.5,0,12,19,140,7.4,1,28,26,5,3,2,72,41,3,3,1,5,0,NA,NA,NA,7,149,21.3,27,0,1,9,9,9,0,1,1,100,45,1,1,4,6,328,54.7,0,1,70,12,6,3,3,3,11,0,0,52,171,3.3,13,1,1,4,45,5,0,29:04,TRUE,TRUE,75b8623b-8926-b411-0476-3d3602b78523,TRUE,NA
2025_03_CIN_MIN,401772731,s:20~l:28~e:401772731,2025,2,2025-09-21T17:00Z,3,home,1,16,s:20~l:28~t:16,Minnesota,Vikings,MIN,Minnesota Vikings,4f2683,ffc62f,https://a.espncdn.com/i/teamlogos/nfl/500/min.png,0,48,2-1,16,24,183,8.4,2,0,3,19,NA,120.5,31,169,5.5,2,24,16,202,12.6,2,36,24,1,0,4,62,45,4,7,5,9,2,2,87,1,3,84,28,34,0,5,68,13.6,29,0,2,2,100,62,6,6,12,5,220,44,0,2,46,22,10,10,2,4,12,1,1,58,352,6.1,12,5,4,13,105,0,2,30:56,TRUE,TRUE,3db556c9-ed76-a7a5-4ccb-a92fc6db4334,TRUE,NA
2025_03_PIT_NE,401772732,s:20~l:28~e:401772732,2025,2,2025-09-21T17:00Z,3,away,1,23,s:20~l:28~t:23,Pittsburgh,Steelers,PIT,Pittsburgh Steelers,000000,ffb612,https://a.espncdn.com/i/teamlogos/nfl/500/pit.png,1,21,2-1,16,23,139,6,2,1,0,0,NA,96.1,26,64,2.5,1,13,16,139,8.7,2,21,22,1,0,4,83,49,5,6,5,8,0,1,0,0,1,27,27,27,0,NA,NA,NA,NA,NA,0,0,0,0,3,3,3,4,169,42.3,0,3,55,17,5,7,5,4,9,0,0,49,203,4.1,10,3,3,8,59,1,0,26:40,TRUE,TRUE,debcd592-8d53-71f1-fc15-5c8b8ef9df6e,TRUE,NA
2025_03_PIT_NE,401772732,s:20~l:28~e:401772732,2025,2,2025-09-21T17:00Z,3,home,0,17,s:20~l:28~t:17,New England,Patriots,NE,New England Patriots,002a5c,c60c30,https://a.espncdn.com/i/teamlogos/nfl/500/ne.png,0,14,1-2,28,37,250,7.2,2,1,5,18,NA,102.1,29,119,4.1,0,15,28,268,9.6,2,23,36,4,4,0,51,31,0,6,1,3,0,1,37,0,4,94,23.5,26,0,1,11,11,11,0,0,0,0,0,2,2,2,1,59,59,1,0,59,26,13,10,3,6,13,4,5,71,369,5.2,9,4,2,7,54,5,0,33:20,TRUE,TRUE,0078f353-fe3e-67ed-a42c-43cca0568e21,TRUE,NA
2025_03_LA_PHI,401772839,s:20~l:28~e:401772839,2025,2,2025-09-21T17:00Z,3,away,0,14,s:20~l:28~t:14,Los Angeles,Rams,LA,Los Angeles Rams,003594,ffd100,https://a.espncdn.com/i/teamlogos/nfl/500/lar.png,1,26,2-1,19,34,196,5.8,2,1,1,0,NA,80,31,160,5.2,0,13,19,196,10.3,2,44,33,0,0,1,66,38,4,7,6,4,0,NA,NA,NA,5,115,23,27,0,4,53,13.3,20,0,4,6,66.7,51,2,2,14,1,36,36,0,1,36,22,10,11,1,3,10,0,1,66,356,5.4,11,4,1,4,41,1,0,29:25,TRUE,TRUE,2e1473b2-e269-fd7a-1137-c1edacb85986,TRUE,NA
2025_03_LA_PHI,401772839,s:20~l:28~e:401772839,2025,2,2025-09-21T17:00Z,3,home,1,21,s:20~l:28~t:21,Philadelphia,Eagles,PHI,Philadelphia Eagles,06424d,000000,https://a.espncdn.com/i/teamlogos/nfl/500/phi.png,0,33,3-0,21,32,202,7.1,3,0,4,24,NA,117.5,27,86,3.2,1,18,21,226,10.8,3,38,30,1,1,0,74,42,1,2,4,7,1,1,0,0,5,55,11,16,0,NA,NA,NA,NA,NA,0,0,0,0,3,3,3,4,222,55.5,0,0,64,19,9,8,2,5,14,4,5,63,288,4.6,11,3,3,5,50,1,1,30:35,TRUE,TRUE,d1a9b001-1df7-fbd7-ae4c-6ca7065286ec,TRUE,NA
2025_03_NYJ_TB,401772840,s:20~l:28~e:401772840,2025,2,2025-09-21T17:00Z,3,away,0,20,s:20~l:28~t:20,New York,Jets,NYJ,New York Jets,115740,ffffff,https://a.espncdn.com/i/teamlogos/nfl/500/nyj.png,1,27,0-3,26,36,168,5.5,2,1,4,29,NA,92,23,99,4.3,0,17,26,197,7.6,2,20,35,1,1,0,79,42,1,7,2,2,1,NA,NA,NA,6,157,26.2,31,0,NA,NA,NA,NA,NA,2,2,100,42,3,3,9,2,97,48.5,0,0,51,21,13,5,3,3,11,1,3,63,267,4.2,11,3,2,7,81,2,1,27:49,TRUE,TRUE,732d3caf-b350-1e34-48c6-b7cebb4a0d88,TRUE,NA
2025_03_NYJ_TB,401772840,s:20~l:28~e:401772840,2025,2,2025-09-21T17:00Z,3,home,1,27,s:20~l:28~t:27,Tampa Bay,Buccaneers,TB,Tampa Bay Buccaneers,bd1c36,3e3a35,https://a.espncdn.com/i/teamlogos/nfl/500/tb.png,0,29,3-0,19,29,225,8,1,0,1,8,NA,101.7,34,122,3.6,0,33,19,233,12.3,1,30,28,1,0,2,63,43,4,9,4,10,1,1,55,1,5,124,24.8,31,0,2,-1,-0.5,0,0,5,6,83.3,55,2,2,17,4,162,40.5,1,1,60,19,12,4,3,4,13,0,0,64,347,5.4,11,5,1,14,124,0,1,32:11,TRUE,TRUE,13e8b157-a75a-ff24-ae91-fa3d52ddf204,TRUE,NA
2025_03_IND_TEN,401772733,s:20~l:28~e:401772733,2025,2,2025-09-21T17:00Z,3,away,1,11,s:20~l:28~t:11,Indianapolis,Colts,IND,Indianapolis Colts,003b75,ffffff,https://a.espncdn.com/i/teamlogos/nfl/500/ind.png,1,41,3-0,18,25,228,9.1,1,0,0,0,NA,113.4,28,137,4.9,3,46,18,228,12.7,1,29,25,NA,NA,NA,65,46,4,8,4,7,1,1,32,1,3,104,34.7,39,0,NA,NA,NA,NA,NA,2,3,66.7,36,5,5,11,1,46,46,0,1,46,22,10,9,3,2,8,2,2,53,365,6.9,9,4,2,4,23,0,1,28:41,TRUE,TRUE,582d14eb-da61-e505-cc40-d972a1b60ed1,TRUE,NA
2025_03_IND_TEN,401772733,s:20~l:28~e:401772733,2025,2,2025-09-21T17:00Z,3,home,0,10,s:20~l:28~t:10,Tennessee,Titans,TEN,Tennessee Titans,4b92db,002a5c,https://a.espncdn.com/i/teamlogos/nfl/500/ten.png,0,20,0-3,23,38,196,5.8,1,1,4,23,NA,74.3,23,86,3.7,1,27,23,219,9.5,1,27,34,NA,NA,NA,52,33,0,0,3,2,0,NA,NA,NA,6,162,27,35,0,NA,NA,NA,NA,NA,2,4,50,57,2,2,8,1,52,52,0,0,52,21,11,8,2,5,14,1,2,65,282,4.3,9,2,2,8,68,1,0,31:19,TRUE,TRUE,0a0aea59-9a5e-01b3-57a3-0151cf4bf393,TRUE,NA
2025_03_LV_WAS,401772841,s:20~l:28~e:401772841,2025,2,2025-09-21T17:00Z,3,away,0,13,s:20~l:28~t:13,Las Vegas,Raiders,LV,Las Vegas Raiders,000000,a5acaf,https://a.espncdn.com/i/teamlogos/nfl/500/lv.png,1,24,1-2,19,29,261,10,3,0,5,28,NA,132.7,28,93,3.3,0,18,19,289,15.2,3,45,27,0,0,1,65,41,1,6,2,3,0,NA,NA,NA,5,110,22,27,0,2,10,5,5,0,1,1,100,37,1,1,4,6,294,49,0,0,56,17,12,5,0,3,14,2,3,62,354,5.7,12,3,2,6,54,0,0,31:53,TRUE,TRUE,b18540eb-6f2b-534c-e7f9-9bd930518da9,TRUE,NA
2025_03_LV_WAS,401772841,s:20~l:28~e:401772841,2025,2,2025-09-21T17:00Z,3,home,1,28,s:20~l:28~t:28,Washington,Commanders,WAS,Washington Commanders,5a1414,ffb612,https://a.espncdn.com/i/teamlogos/nfl/500/wsh.png,0,41,2-1,15,21,199,9.9,1,0,1,8,NA,118.6,32,201,6.3,3,60,15,207,13.8,1,56,18,1,1,0,69,43,5,8,4,9,1,NA,NA,NA,3,118,39.3,69,0,5,127,25.4,90,1,2,3,66.7,56,5,5,11,3,138,46,0,2,56,17,7,8,2,5,10,0,0,54,400,7.4,11,3,2,7,54,1,1,28:07,TRUE,TRUE,fbeaf73e-6d6c-cca4-0809-713d9d741f90,TRUE,NA
2025_03_DEN_LAC,401772735,s:20~l:28~e:401772735,2025,2,2025-09-21T20:05Z,3,away,0,7,s:20~l:28~t:7,Denver,Broncos,DEN,Denver Broncos,0a2343,fc4c02,https://a.espncdn.com/i/teamlogos/nfl/500/den.png,1,20,1-2,14,25,147,6.1,1,0,2,6,NA,87.6,21,118,5.6,1,41,14,153,10.9,1,52,23,0,0,1,89,46,5,7,7,14,0,1,0,0,5,141,28.2,32,0,2,56,28,32,0,2,2,100,42,2,2,8,7,330,47.1,0,3,56,9,5,3,1,2,13,2,2,48,265,5.5,12,2,1,10,90,0,0,23:40,TRUE,TRUE,51042145-e3c1-0694-ae0d-f720342ff8fc,TRUE,NA
2025_03_DEN_LAC,401772735,s:20~l:28~e:401772735,2025,2,2025-09-21T20:05Z,3,home,1,24,s:20~l:28~t:24,Los Angeles,Chargers,LAC,Los Angeles Chargers,0080c6,ffc20e,https://a.espncdn.com/i/teamlogos/nfl/500/lac.png,0,23,3-0,28,47,270,6.4,1,1,5,30,NA,76.5,28,106,3.8,1,11,28,300,10.7,1,37,46,2,1,0,51,34,2,5,3,4,0,NA,NA,NA,5,127,25.4,30,0,3,50,16.7,33,0,3,3,100,43,2,2,11,5,249,49.8,1,0,60,29,17,6,6,8,17,0,0,80,376,4.7,12,3,1,3,25,2,0,36:20,TRUE,TRUE,84caf62b-c753-71ea-a787-44fd224a4294,TRUE,NA
2025_03_NO_SEA,401772736,s:20~l:28~e:401772736,2025,2,2025-09-21T20:05Z,3,away,0,18,s:20~l:28~t:18,New Orleans,Saints,NO,New Orleans Saints,d3bc8d,000000,https://a.espncdn.com/i/teamlogos/nfl/500/no.png,1,13,0-3,28,41,205,5.3,1,1,2,13,NA,79.1,27,79,2.9,0,8,28,218,7.8,1,21,41,0,0,1,67,35,0,3,2,2,0,NA,NA,NA,8,182,22.8,26,0,1,40,40,40,0,2,3,66.7,27,1,1,7,6,243,40.5,0,0,61,21,12,4,5,5,15,0,2,70,284,4.1,12,3,1,11,77,1,0,32:16,TRUE,TRUE,97d2f6c9-2f22-459c-306a-046941ccab2a,TRUE,NA
2025_03_NO_SEA,401772736,s:20~l:28~e:401772736,2025,2,2025-09-21T20:05Z,3,home,1,26,s:20~l:28~t:26,Seattle,Seahawks,SEA,Seattle Seahawks,002a5c,69be28,https://a.espncdn.com/i/teamlogos/nfl/500/sea.png,0,44,2-1,16,21,233,11.1,2,0,0,0,NA,143.6,33,87,2.6,2,10,16,233,14.6,2,45,20,1,1,0,77,53,2,4,7,8,1,1,0,0,2,92,46,60,0,3,114,38,95,1,3,3,100,56,5,5,14,2,92,46,0,1,47,22,11,7,4,3,9,0,0,54,320,5.9,11,5,4,8,70,1,1,27:44,TRUE,TRUE,3767a23c-a17d-294f-288a-9086ad1f0680,TRUE,NA
2025_03_DAL_CHI,401772844,s:20~l:28~e:401772844,2025,2,2025-09-21T20:25Z,3,away,0,6,s:20~l:28~t:6,Dallas,Cowboys,DAL,Dallas Cowboys,002a5c,b0b7bc,https://a.espncdn.com/i/teamlogos/nfl/500/dal.png,1,14,1-2,34,45,275,6.5,1,3,2,17,NA,71.7,20,121,6.1,0,22,34,292,8.6,1,37,44,1,1,0,60,37,0,4,3,1,0,NA,NA,NA,4,93,23.3,31,0,2,28,14,19,0,2,2,100,53,0,0,6,2,102,51,0,0,60,23,14,6,3,3,11,2,3,67,396,5.9,10,4,1,4,25,4,0,32:58,TRUE,TRUE,b0fc8fb7-9dbe-e574-9008-6f0ee7c6b234,TRUE,NA
2025_03_DAL_CHI,401772844,s:20~l:28~e:401772844,2025,2,2025-09-21T20:25Z,3,home,1,3,s:20~l:28~t:3,Chicago,Bears,CHI,Chicago Bears,0b1c3a,e64100,https://a.espncdn.com/i/teamlogos/nfl/500/chi.png,0,31,1-2,19,28,298,10.6,4,0,0,0,NA,142.6,29,87,3,0,12,19,298,15.7,4,65,28,0,0,1,77,48,2,2,6,7,0,3,0,0,2,41,20.5,26,0,2,31,15.5,19,0,1,1,100,30,4,4,7,4,176,44,0,1,50,19,11,7,1,8,14,1,1,57,385,6.8,10,3,2,6,41,0,0,27:02,TRUE,TRUE,19d73366-b5a5-cca2-a176-a2c024ce0bb3,TRUE,NA
2025_03_ARI_SF,401772843,s:20~l:28~e:401772843,2025,2,2025-09-21T20:25Z,3,away,0,22,s:20~l:28~t:22,Arizona,Cardinals,ARI,Arizona Cardinals,a40227,ffffff,https://a.espncdn.com/i/teamlogos/nfl/500/ari.png,1,15,2-1,22,35,154,4.5,1,0,1,5,NA,82.9,28,106,3.8,0,29,22,159,7.2,1,32,34,1,0,1,66,39,1,3,4,8,0,1,18,0,4,115,28.8,36,0,1,8,8,8,0,2,3,66.7,34,1,1,7,5,258,51.6,1,2,55,16,8,7,1,5,15,2,2,64,260,4.1,10,3,1,5,30,0,0,34:39,TRUE,TRUE,8fc7b962-95e1-3cb8-6a7d-b499de9ad546,TRUE,NA
2025_03_ARI_SF,401772843,s:20~l:28~e:401772843,2025,2,2025-09-21T20:25Z,3,home,1,25,s:20~l:28~t:25,San Francisco,49ers,SF,San Francisco 49ers,aa0000,b3995d,https://a.espncdn.com/i/teamlogos/nfl/500/sf.png,0,16,3-0,27,41,282,6.9,1,1,1,2,NA,83.8,20,73,3.7,0,19,27,284,10.5,1,34,38,NA,NA,NA,77,34,1,4,5,4,0,NA,NA,NA,3,80,26.7,31,0,3,26,8.7,14,0,3,3,100,51,1,1,10,3,128,42.7,0,2,48,19,14,4,1,2,10,1,2,62,355,5.7,10,4,1,5,69,1,0,25:21,TRUE,TRUE,985a261f-296c-c95c-32a5-addc4df75001,TRUE,NA
2025_03_KC_NYG,401772920,s:20~l:28~e:401772920,2025,2,2025-09-22T00:20Z,3,away,1,12,s:20~l:28~t:12,Kansas City,Chiefs,KC,Kansas City Chiefs,e31837,ffb612,https://a.espncdn.com/i/teamlogos/nfl/500/kc.png,1,22,1-2,22,37,201,6.1,1,0,2,23,NA,85.9,28,105,3.8,1,11,22,224,10.2,1,33,35,2,0,2,72,37,2,6,6,9,0,2,23,0,3,63,21,23,0,1,4,4,4,0,3,4,75,54,1,2,10,3,139,46.3,0,0,53,22,13,6,3,8,15,0,0,67,306,4.6,10,3,2,8,85,0,0,31:50,TRUE,TRUE,f68f2343-8ceb-7a02-740d-af6338be21d2,TRUE,NA
2025_03_KC_NYG,401772920,s:20~l:28~e:401772920,2025,2,2025-09-22T00:20Z,3,home,0,19,s:20~l:28~t:19,New York,Giants,NYG,New York Giants,003c7f,c9243f,https://a.espncdn.com/i/teamlogos/nfl/500/nyg.png,0,9,0-3,18,32,151,5,0,2,2,9,NA,43.8,27,130,4.8,1,14,18,160,8.9,0,26,30,NA,NA,NA,61,43,2,4,6,7,0,NA,NA,NA,5,134,26.8,33,0,2,17,8.5,9,0,1,1,100,25,0,1,3,2,61,30.5,0,2,33,19,7,8,4,1,10,1,4,61,281,4.6,9,3,1,7,82,2,0,28:10,TRUE,TRUE,378600ea-2397-8364-8399-b7c1606a49a7,TRUE,NA
2025_03_DET_BAL,401772812,s:20~l:28~e:401772812,2025,2,2025-09-23T00:15Z,3,away,1,8,s:20~l:28~t:8,Detroit,Lions,DET,Detroit Lions,0076b6,bbbbbb,https://a.espncdn.com/i/teamlogos/nfl/500/det.png,1,38,2-1,20,28,202,7.2,1,0,0,0,NA,103.6,38,224,5.9,4,72,20,202,10.1,1,24,26,1,0,2,55,41,7,6,2,7,0,NA,NA,NA,4,110,27.5,30,0,1,0,0,0,0,1,2,50,45,5,5,8,3,146,48.7,0,0,53,24,11,12,1,7,14,3,3,66,426,6.5,11,5,4,8,68,0,0,33:18,TRUE,TRUE,56caffee-178d-f6f2-a076-b277486b8c32,TRUE,NA
2025_03_DET_BAL,401772812,s:20~l:28~e:401772812,2025,2,2025-09-23T00:15Z,3,home,0,33,s:20~l:28~t:33,Baltimore,Ravens,BAL,Baltimore Ravens,29126f,000000,https://a.espncdn.com/i/teamlogos/nfl/500/bal.png,0,30,1-2,21,28,233,10.3,3,0,7,55,NA,143.2,19,85,4.5,1,28,21,288,13.7,3,37,28,2,1,1,77,40,0,4,1,6,0,NA,NA,NA,4,105,26.3,43,0,3,31,10.3,11,0,1,1,100,41,3,3,6,3,157,52.3,0,2,63,21,14,4,3,6,11,0,1,54,318,5.9,10,4,2,3,10,1,0,26:42,TRUE,TRUE,38248455-3da4-84e4-8090-98b5cc38ffdc,TRUE,NA
2025_04_SEA_ARI,401772938,s:20~l:28~e:401772938,2025,2,2025-09-26T00:15Z,4,away,1,26,s:20~l:28~t:26,Seattle,Seahawks,SEA,Seattle Seahawks,002a5c,69be28,https://a.espncdn.com/i/teamlogos/nfl/500/sea.png,1,23,3-1,18,26,229,9.3,1,0,3,13,NA,111.4,35,155,4.4,1,24,18,242,13.4,1,36,24,2,1,1,67,41,6,5,8,7,0,2,44,0,4,103,25.8,33,0,2,10,5,8,0,3,4,75,52,2,2,11,3,147,49,1,0,54,20,11,6,3,6,13,0,1,64,384,6,10,3,2,6,74,1,0,32:24,TRUE,TRUE,3767a23c-a17d-294f-288a-9086ad1f0680,TRUE,NA
2025_04_SEA_ARI,401772938,s:20~l:28~e:401772938,2025,2,2025-09-26T00:15Z,4,home,0,22,s:20~l:28~t:22,Arizona,Cardinals,ARI,Arizona Cardinals,a40227,ffffff,https://a.espncdn.com/i/teamlogos/nfl/500/ari.png,0,20,2-2,27,41,164,4.9,2,2,6,36,NA,73.2,17,89,5.2,0,29,27,200,7.4,2,18,40,0,0,1,85,38,3,9,2,3,0,NA,NA,NA,5,126,25.2,31,0,1,15,15,15,0,2,2,100,57,2,2,8,4,202,50.5,0,3,63,18,13,2,3,6,15,1,1,64,253,4,11,3,2,7,46,2,0,27:36,TRUE,TRUE,8fc7b962-95e1-3cb8-6a7d-b499de9ad546,TRUE,NA
2025_04_MIN_PIT,401772632,s:20~l:28~e:401772632,2025,2,2025-09-28T13:30Z,4,away,0,16,s:20~l:28~t:16,Minnesota,Vikings,MIN,Minnesota Vikings,4f2683,ffc62f,https://a.espncdn.com/i/teamlogos/nfl/500/min.png,1,21,2-2,30,46,302,7.6,2,2,6,48,NA,84.5,20,70,3.5,0,11,30,350,11.7,2,81,42,2,0,1,69,37,2,4,0,3,0,NA,NA,NA,5,124,24.8,28,0,2,13,6.5,13,0,2,2,100,41,1,1,7,3,136,45.3,0,0,49,23,15,6,2,4,14,2,3,72,372,5.2,10,4,2,8,82,2,0,33:34,TRUE,TRUE,3db556c9-ed76-a7a5-4ccb-a92fc6db4334,TRUE,NFL Dublin Game
2025_04_MIN_PIT,401772632,s:20~l:28~e:401772632,2025,2,2025-09-28T13:30Z,4,home,1,23,s:20~l:28~t:23,Pittsburgh,Steelers,PIT,Pittsburgh Steelers,000000,ffb612,https://a.espncdn.com/i/teamlogos/nfl/500/pit.png,0,24,3-1,18,22,182,9.1,1,0,2,18,NA,119.7,29,131,4.5,2,15,18,200,11.1,1,80,22,1,0,1,75,47,6,10,8,14,0,2,9,0,4,100,25,26,0,2,9,4.5,12,0,1,2,50,33,3,3,6,3,146,48.7,1,0,54,19,6,11,2,4,10,0,1,53,313,5.9,11,5,2,5,35,0,0,26:26,TRUE,TRUE,debcd592-8d53-71f1-fc15-5c8b8ef9df6e,TRUE,NFL Dublin Game
2025_04_WAS_ATL,401772739,s:20~l:28~e:401772739,2025,2,2025-09-28T17:00Z,4,away,0,28,s:20~l:28~t:28,Washington,Commanders,WAS,Washington Commanders,5a1414,ffb612,https://a.espncdn.com/i/teamlogos/nfl/500/wsh.png,1,27,2-2,16,27,147,5.8,2,1,2,9,NA,84.8,22,147,6.7,0,48,16,156,9.8,2,24,24,4,0,3,77,35,1,7,1,2,0,1,23,0,6,199,33.2,58,0,2,0,0,0,0,4,4,100,52,1,1,13,2,89,44.5,0,0,47,17,8,7,2,1,8,2,2,51,294,5.8,9,1,1,6,50,1,0,25:45,TRUE,TRUE,fbeaf73e-6d6c-cca4-0809-713d9d741f90,TRUE,NA
2025_04_WAS_ATL,401772739,s:20~l:28~e:401772739,2025,2,2025-09-28T17:00Z,4,home,1,1,s:20~l:28~t:1,Atlanta,Falcons,ATL,Atlanta Falcons,a71930,000000,https://a.espncdn.com/i/teamlogos/nfl/500/atl.png,0,34,2-2,20,26,307,12,2,1,1,6,NA,125.9,37,128,3.5,2,19,20,313,15.7,2,69,26,2,0,2,60,33,2,4,3,6,0,1,0,0,5,128,25.6,30,0,1,0,0,0,0,2,2,100,38,4,4,10,2,92,46,0,1,48,24,14,9,1,6,12,1,1,64,435,6.8,10,6,4,5,45,1,0,34:15,TRUE,TRUE,49fd392a-86fe-4df3-1b77-9bbfa18b2ad5,TRUE,NA
2025_04_NO_BUF,401772740,s:20~l:28~e:401772740,2025,2,2025-09-28T17:00Z,4,away,0,18,s:20~l:28~t:18,New Orleans,Saints,NO,New Orleans Saints,d3bc8d,000000,https://a.espncdn.com/i/teamlogos/nfl/500/no.png,1,19,0-4,18,28,109,4.5,1,1,3,17,NA,71.4,34,189,5.6,1,18,18,126,7,1,17,25,1,0,1,59,44,3,5,4,7,0,1,0,0,5,134,26.8,30,0,1,10,10,10,0,2,2,100,54,1,1,7,3,142,47.3,1,2,49,22,7,14,1,5,13,0,2,65,298,4.6,10,4,2,4,41,1,0,28:39,TRUE,TRUE,97d2f6c9-2f22-459c-306a-046941ccab2a,TRUE,NA
2025_04_NO_BUF,401772740,s:20~l:28~e:401772740,2025,2,2025-09-28T17:00Z,4,home,1,2,s:20~l:28~t:2,Buffalo,Bills,BUF,Buffalo Bills,00338d,d50a0a,https://a.espncdn.com/i/teamlogos/nfl/500/buf.png,0,31,4-0,16,22,191,9.5,2,1,3,18,NA,113.6,32,165,5.2,2,27,16,209,13.1,2,43,22,NA,NA,NA,69,48,3,5,2,4,0,1,4,0,4,95,23.8,31,0,1,6,6,6,0,1,1,100,35,4,4,7,2,83,41.5,0,0,43,20,10,9,1,3,10,0,1,57,356,6.2,11,3,2,11,55,1,0,31:21,TRUE,TRUE,232afaf2-01ac-fcc2-8bd6-66550df1703a,TRUE,NA
2025_04_CLE_DET,401772846,s:20~l:28~e:401772846,2025,2,2025-09-28T17:00Z,4,away,0,5,s:20~l:28~t:5,Cleveland,Browns,CLE,Cleveland Browns,472a08,ff3c00,https://a.espncdn.com/i/teamlogos/nfl/500/cle.png,1,10,1-3,16,35,170,5.3,0,2,3,14,NA,38.3,27,79,2.9,1,11,16,184,11.5,0,35,34,2,1,1,63,31,0,4,1,5,0,1,13,0,5,129,25.8,32,0,1,0,0,0,0,1,2,50,33,1,1,4,7,314,44.9,0,4,47,16,8,7,1,3,14,1,1,65,249,3.8,14,2,1,6,44,3,0,31:44,TRUE,TRUE,539babc5-e5fb-753b-8ae1-c15032a91ef4,TRUE,NA
2025_04_CLE_DET,401772846,s:20~l:28~e:401772846,2025,2,2025-09-28T17:00Z,4,home,1,8,s:20~l:28~t:8,Detroit,Lions,DET,Detroit Lions,0076b6,bbbbbb,https://a.espncdn.com/i/teamlogos/nfl/500/det.png,0,34,3-1,16,27,168,6.2,2,1,0,0,NA,86.7,29,109,3.8,1,24,16,168,10.5,2,27,25,0,0,1,65,37,3,4,10,9,1,2,34,0,3,81,27,31,0,5,76,15.2,65,1,2,2,100,58,4,4,10,5,221,44.2,0,5,53,16,8,6,2,6,14,0,1,56,277,4.9,13,3,3,6,35,1,1,28:16,TRUE,TRUE,56caffee-178d-f6f2-a076-b277486b8c32,TRUE,NA
2025_04_TEN_HOU,401772738,s:20~l:28~e:401772738,2025,2,2025-09-28T17:00Z,4,away,0,10,s:20~l:28~t:10,Tennessee,Titans,TEN,Tennessee Titans,4b92db,002a5c,https://a.espncdn.com/i/teamlogos/nfl/500/ten.png,1,0,0-4,10,26,93,4.2,0,1,2,15,NA,35.4,18,82,4.6,0,21,10,108,10.8,0,33,23,NA,NA,NA,80,47,2,6,1,5,0,NA,NA,NA,6,141,23.5,29,0,NA,NA,NA,NA,NA,0,2,0,0,0,0,0,5,213,42.6,0,2,50,10,5,3,2,2,11,0,1,46,175,3.8,10,0,0,4,35,1,0,21:39,TRUE,TRUE,0a0aea59-9a5e-01b3-57a3-0151cf4bf393,TRUE,NA
2025_04_TEN_HOU,401772738,s:20~l:28~e:401772738,2025,2,2025-09-28T17:00Z,4,home,1,34,s:20~l:28~t:34,Houston,Texans,HOU,Houston Texans,00143f,c41230,https://a.espncdn.com/i/teamlogos/nfl/500/hou.png,0,26,1-3,22,28,224,8.3,2,0,2,9,NA,125.1,35,129,3.7,1,18,22,233,10.6,2,37,28,NA,NA,NA,46,26,2,6,7,7,0,1,20,0,1,26,26,26,0,3,15,5,15,0,2,3,66.7,47,2,2,8,3,132,44,0,2,64,20,9,10,1,6,15,3,3,65,353,5.4,9,2,2,6,50,0,0,38:21,TRUE,TRUE,595690b3-2161-4913-a7a7-814af2fd2621,TRUE,NA
2025_04_CAR_NE,401772847,s:20~l:28~e:401772847,2025,2,2025-09-28T17:00Z,4,away,0,29,s:20~l:28~t:29,Carolina,Panthers,CAR,Carolina Panthers,0085ca,000000,https://a.espncdn.com/i/teamlogos/nfl/500/car.png,1,13,1-3,23,36,197,5.8,2,0,1,11,NA,97.9,28,129,4.6,0,22,23,208,9,2,24,32,1,0,0,57,24,1,1,2,1,0,NA,NA,NA,6,139,23.2,30,0,3,19,6.3,13,0,0,1,0,0,1,2,1,5,231,46.2,1,1,55,21,11,8,2,5,14,1,3,65,326,5,11,2,2,5,29,0,0,35:14,TRUE,TRUE,647c27bf-ab86-550e-5b83-91c29e73e4a9,TRUE,NA
2025_04_CAR_NE,401772847,s:20~l:28~e:401772847,2025,2,2025-09-28T17:00Z,4,home,1,17,s:20~l:28~t:17,New England,Patriots,NE,New England Patriots,002a5c,c60c30,https://a.espncdn.com/i/teamlogos/nfl/500/ne.png,0,42,2-2,14,18,203,11.3,2,0,1,0,NA,150.7,29,104,3.6,3,22,14,203,14.5,2,33,17,NA,NA,NA,75,43,1,5,2,4,2,NA,NA,NA,2,48,24,28,0,3,167,55.7,87,1,0,0,0,0,6,6,6,4,205,51.3,0,2,59,16,8,7,1,3,9,1,1,48,307,6.4,10,4,4,7,54,0,2,24:46,TRUE,TRUE,0078f353-fe3e-67ed-a42c-43cca0568e21,TRUE,NA
2025_04_LAC_NYG,401772737,s:20~l:28~e:401772737,2025,2,2025-09-28T17:00Z,4,away,0,24,s:20~l:28~t:24,Los Angeles,Chargers,LAC,Los Angeles Chargers,0080c6,ffc20e,https://a.espncdn.com/i/teamlogos/nfl/500/lac.png,1,18,3-1,23,41,186,5,1,2,2,17,NA,57.3,13,152,11.7,1,54,23,203,8.8,1,36,38,NA,NA,NA,89,48,6,8,2,9,0,NA,NA,NA,3,73,24.3,25,0,4,25,6.3,11,0,1,1,100,43,1,1,4,5,244,48.8,0,3,60,17,8,6,3,4,12,0,0,56,338,6,11,1,0,14,107,2,0,24:32,TRUE,TRUE,84caf62b-c753-71ea-a787-44fd224a4294,TRUE,NA
2025_04_LAC_NYG,401772737,s:20~l:28~e:401772737,2025,2,2025-09-28T17:00Z,4,home,1,19,s:20~l:28~t:19,New York,Giants,NYG,New York Giants,003c7f,c9243f,https://a.espncdn.com/i/teamlogos/nfl/500/nyg.png,0,21,1-3,14,21,89,5.7,1,0,6,30,NA,97.1,42,161,3.8,1,16,14,119,8.5,1,18,20,2,0,2,52,35,2,4,6,12,0,2,93,0,4,107,26.8,33,0,2,14,7,14,0,2,2,100,31,1,1,7,5,244,48.8,0,3,69,20,6,11,3,7,15,0,1,69,250,3.6,11,5,2,8,43,0,0,35:28,TRUE,TRUE,378600ea-2397-8364-8399-b7c1606a49a7,TRUE,NA
2025_04_PHI_TB,401772845,s:20~l:28~e:401772845,2025,2,2025-09-28T17:00Z,4,away,1,21,s:20~l:28~t:21,Philadelphia,Eagles,PHI,Philadelphia Eagles,06424d,000000,https://a.espncdn.com/i/teamlogos/nfl/500/phi.png,1,31,4-0,15,24,112,5.4,2,0,2,18,NA,104.5,32,88,2.8,1,29,15,130,8.7,2,22,24,2,0,2,70,47,2,4,12,1,1,1,0,0,5,148,29.6,39,0,1,3,3,3,0,1,1,100,39,4,4,7,7,363,51.9,0,2,63,16,10,5,1,5,14,0,1,58,200,3.4,12,3,3,8,83,0,1,28:08,TRUE,TRUE,d1a9b001-1df7-fbd7-ae4c-6ca7065286ec,TRUE,NA
2025_04_PHI_TB,401772845,s:20~l:28~e:401772845,2025,2,2025-09-28T17:00Z,4,home,0,27,s:20~l:28~t:27,Tampa Bay,Buccaneers,TB,Tampa Bay Buccaneers,bd1c36,3e3a35,https://a.espncdn.com/i/teamlogos/nfl/500/tb.png,0,25,3-1,22,40,272,7.2,2,1,2,17,NA,84.3,26,104,4,0,15,22,289,13.1,2,77,39,2,1,1,61,45,2,11,5,3,0,NA,NA,NA,5,96,19.2,21,0,6,100,16.7,46,0,3,3,100,65,2,2,11,4,110,27.5,0,0,52,18,7,5,6,3,13,1,3,68,376,5.5,13,2,0,5,40,2,0,31:52,TRUE,TRUE,13e8b157-a75a-ff24-ae91-fa3d52ddf204,TRUE,NA
